kinase,pdb_id,chain,dfg_state,alphac_state,conformation_class,d_ke,d_fk,d_fe
EGFR,3w33,A,in,out,INACTIVE,15.71829891204834,13.032513618469238,10.889366149902344
EGFR,2ito,A,in,in,ACTIVE,10.550497055053711,12.252695083618164,5.056064605712891
EGFR,4li5,A,in,in,ACTIVE,10.90621280670166,11.933393478393555,5.634675979614258
EGFR,4jq8,A,in,in,ACTIVE,11.174612045288086,12.795816421508789,5.664853096008301
EGFR,4r5s,A,in,in,ACTIVE,11.962647438049316,15.087461471557617,7.371685028076172
EGFR,3vjo,A,in,in,ACTIVE,11.997072219848633,13.607144355773926,5.555932998657227
EGFR,3w32,A,in,out,INACTIVE,15.45799732208252,12.873761177062988,10.83495807647705
EGFR,4lqm,A,in,in,ACTIVE,10.716012001037598,12.556694030761719,5.449098110198975
EGFR,3w2s,A,in,out,INACTIVE,15.920622825622559,13.189234733581543,10.531829833984375
EGFR,2itu,A,in,in,ACTIVE,11.613545417785645,13.678985595703125,5.2521820068359375
EGFR,4jq7,A,in,in,ACTIVE,11.058271408081055,12.91195297241211,5.372002601623535
EGFR,2itz,A,in,in,ACTIVE,10.67965316772461,12.390458106994629,5.393157482147217
EGFR,2ity,A,in,in,ACTIVE,10.75898551940918,12.838041305541992,5.322623252868652
EGFR,5cnn,A,in,out,INACTIVE,15.689319610595703,13.332636833190918,11.08788776397705
EGFR,2itn,A,in,in,ACTIVE,10.90439224243164,13.095468521118164,5.301509857177734
EGFR,3ug2,A,in,in,ACTIVE,11.912851333618164,13.762361526489258,5.7962727546691895
EGFR,4ll0,A,in,in,ACTIVE,11.860960006713867,11.701465606689453,6.973310947418213
EGFR,3w2s,A,in,out,INACTIVE,15.920622825622559,13.189234733581543,10.531829833984375
EGFR,4rj7,A,in,in,ACTIVE,10.944686889648438,12.584887504577637,5.688747406005859
EGFR,4g5j,A,in,in,ACTIVE,10.79433536529541,12.193799018859863,5.3612775802612305
EGFR,2itq,A,in,in,ACTIVE,10.859657287597656,12.871288299560547,5.7562737464904785
EGFR,2eb3,A,in,in,ACTIVE,11.254929542541504,14.602102279663086,7.180877208709717
EGFR,2itw,A,in,in,ACTIVE,11.710521697998047,13.381237983703613,5.397197723388672
EGFR,4rj7,A,in,in,ACTIVE,10.944686889648438,12.584887504577637,5.688747406005859
EGFR,3w2r,A,in,out,INACTIVE,13.320512771606445,12.743165969848633,10.764764785766602
EGFR,3lzb,D,in,out,INACTIVE,16.24567413330078,14.02985668182373,10.815200805664062
EGFR,2itv,A,in,in,ACTIVE,11.203906059265137,13.38982105255127,5.247316837310791
EGFR,4i22,A,in,out,INACTIVE,15.257109642028809,12.605637550354004,10.142749786376953
EGFR,3w2p,A,in,in,ACTIVE,13.210345268249512,15.115821838378906,5.675560474395752
EGFR,4rj6,A,in,in,ACTIVE,11.135035514831543,12.594436645507812,5.452072620391846
EGFR,4hjo,A,in,out,INACTIVE,15.300323486328125,12.355795860290527,9.990675926208496
EGFR,4wkq,A,in,in,ACTIVE,10.95250415802002,12.29978084564209,5.4692864418029785
EGFR,3w2p,A,in,in,ACTIVE,13.210345268249512,15.115821838378906,5.675560474395752
EGFR,4li5,A,in,in,ACTIVE,10.90621280670166,11.933393478393555,5.634675979614258
EGFR,2gs7,A,in,out,INACTIVE,15.628153800964355,12.804146766662598,10.244913101196289
EGFR,1xkk,A,in,out,INACTIVE,14.925261497497559,13.084449768066406,10.02114486694336
EGFR,3w2q,A,in,in,ACTIVE,12.908809661865234,14.53884220123291,5.8391900062561035
EGFR,2itq,A,in,in,ACTIVE,10.859657287597656,12.871288299560547,5.7562737464904785
EGFR,4g5j,A,in,in,ACTIVE,10.79433536529541,12.193799018859863,5.3612775802612305
EGFR,2jiv,A,in,out,INACTIVE,15.277994155883789,13.012577056884766,10.738265991210938
EGFR,4riy,D,in,in,ACTIVE,10.853036880493164,12.133162498474121,5.649435520172119
EGFR,5cnn,A,in,out,INACTIVE,15.689319610595703,13.332636833190918,11.08788776397705
EGFR,4jrv,A,in,in,ACTIVE,11.163003921508789,12.97793960571289,5.682726860046387
EGFR,2itu,A,in,in,ACTIVE,11.613545417785645,13.678985595703125,5.2521820068359375
EGFR,1m17,A,in,in,ACTIVE,11.044297218322754,12.772356986999512,5.713858604431152
EGFR,2j5f,A,in,in,ACTIVE,10.819283485412598,12.513652801513672,5.35646915435791
EGFR,2itx,A,in,in,ACTIVE,11.706526756286621,13.58846664428711,5.18760871887207
EGFR,4rj4,A,in,in,ACTIVE,11.197959899902344,12.904762268066406,5.415678024291992
EGFR,4lrm,B,in,in,ACTIVE,10.883496284484863,12.47676944732666,5.779512882232666
EGFR,4rix,D,in,in,ACTIVE,10.950027465820312,12.211285591125488,5.678181171417236
EGFR,4i24,B,in,out,INACTIVE,15.489412307739258,12.650711059570312,10.294744491577148
EGFR,3w33,A,in,out,INACTIVE,15.71829891204834,13.032513618469238,10.889366149902344
EGFR,2itv,A,in,in,ACTIVE,11.203906059265137,13.38982105255127,5.247316837310791
EGFR,4rj5,A,in,in,ACTIVE,11.119546890258789,12.923426628112793,5.370254039764404
EGFR,4i23,A,in,in,ACTIVE,11.095309257507324,13.073307991027832,5.583578586578369
EGFR,2itp,A,in,in,ACTIVE,10.817764282226562,12.688587188720703,5.316308498382568
EGFR,3vjn,A,in,in,ACTIVE,11.398452758789062,13.121451377868652,5.553756237030029
EGFR,1m17,A,in,in,ACTIVE,11.044297218322754,12.772356986999512,5.713858604431152
EGFR,2itw,A,in,in,ACTIVE,11.710521697998047,13.381237983703613,5.397197723388672
EGFR,3w2q,A,in,in,ACTIVE,12.908809661865234,14.53884220123291,5.8391900062561035
EGFR,4riw,B,in,in,ACTIVE,11.367758750915527,12.410091400146484,5.4805378913879395
EGFR,2itn,A,in,in,ACTIVE,10.90439224243164,13.095468521118164,5.301509857177734
EGFR,2itp,A,in,in,ACTIVE,10.817764282226562,12.688587188720703,5.316308498382568
EGFR,3gt8,C,in,out,INACTIVE,15.710495948791504,12.66667366027832,10.615549087524414
EGFR,5cno,A,in,out,INACTIVE,15.245715141296387,12.533745765686035,10.323092460632324
EGFR,4jr3,A,in,in,ACTIVE,11.203437805175781,13.049781799316406,5.629769325256348
EGFR,3w2r,A,in,out,INACTIVE,13.320512771606445,12.743165969848633,10.764764785766602
EGFR,4wkq,A,in,in,ACTIVE,10.95250415802002,12.29978084564209,5.4692864418029785
EGFR,2itt,A,in,in,ACTIVE,10.993660926818848,12.92569637298584,5.367916107177734
EGFR,2itt,A,in,in,ACTIVE,10.993660926818848,12.92569637298584,5.367916107177734
EGFR,2jiv,A,in,out,INACTIVE,15.277994155883789,13.012577056884766,10.738265991210938
EGFR,5cno,A,in,out,INACTIVE,15.245715141296387,12.533745765686035,10.323092460632324
EGFR,3ug2,A,in,in,ACTIVE,11.912851333618164,13.762361526489258,5.7962727546691895
EGFR,4rj8,A,in,in,ACTIVE,11.062248229980469,12.89754581451416,5.531663417816162
EGFR,2j6m,A,in,in,ACTIVE,11.025980949401855,12.832965850830078,5.246565818786621
EGFR,5edq,A,in,in,ACTIVE,11.154831886291504,15.726092338562012,8.43619155883789
EGFR,5cal,A,in,in,ACTIVE,11.244694709777832,12.82715892791748,5.456037998199463
EGFR,5cau,A,in,in,ACTIVE,11.371454238891602,12.956522941589355,5.376859664916992
EGFR,5cav,A,in,in,ACTIVE,11.402524948120117,13.026898384094238,5.520952224731445
EGFR,5cap,A,in,in,ACTIVE,11.064735412597656,13.401833534240723,5.942600250244141
EGFR,5c8n,A,in,in,ACTIVE,11.182474136352539,13.166634559631348,5.388044834136963
EGFR,5cap,A,in,in,ACTIVE,11.064735412597656,13.401833534240723,5.942600250244141
EGFR,5c8k,A,in,in,ACTIVE,11.306099891662598,13.084365844726562,5.4246134757995605
EGFR,5c8m,A,in,in,ACTIVE,11.208839416503906,13.238869667053223,5.801091194152832
EGFR,5can,A,in,in,ACTIVE,11.198324203491211,12.900527954101562,5.537327289581299
EGFR,5caq,A,in,in,ACTIVE,11.27859878540039,12.97889232635498,5.438992977142334
EGFR,5cas,A,in,in,ACTIVE,11.464069366455078,13.116687774658203,5.3695197105407715
EGFR,5cao,A,in,in,ACTIVE,11.324787139892578,13.759842872619629,6.245541095733643
EGFR,5edr,A,in,in,ACTIVE,11.132655143737793,15.79812240600586,8.629130363464355
EGFR,4zau,A,in,in,ACTIVE,11.626141548156738,13.415162086486816,5.718011379241943
EGFR,5edr,A,in,in,ACTIVE,11.132655143737793,15.79812240600586,8.629130363464355
EGFR,5em7,A,in,in,ACTIVE,10.843766212463379,12.466404914855957,5.592792987823486
EGFR,5em7,A,in,in,ACTIVE,10.843766212463379,12.466404914855957,5.592792987823486
EGFR,5em6,A,in,in,ACTIVE,10.744192123413086,11.968206405639648,5.2561492919921875
EGFR,5em8,A,in,in,ACTIVE,11.101733207702637,12.700883865356445,5.677854537963867
EGFR,5em5,A,in,in,ACTIVE,11.597848892211914,15.759963989257812,8.281558990478516
EGFR,5hg7,A,out,out,INACTIVE,14.997526168823242,9.154056549072266,13.560986518859863
EGFR,5hg5,A,out,out,INACTIVE,15.169968605041504,9.013341903686523,13.778077125549316
EGFR,5hg5,A,out,out,INACTIVE,15.169968605041504,9.013341903686523,13.778077125549316
EGFR,5hg9,A,out,out,INACTIVE,15.029139518737793,9.110611915588379,13.620223999023438
EGFR,5hg8,A,out,out,INACTIVE,15.234597206115723,9.147008895874023,13.987861633300781
EGFR,5hg9,A,out,out,INACTIVE,15.029139518737793,9.110611915588379,13.620223999023438
EGFR,5hg8,A,out,out,INACTIVE,15.234597206115723,9.147008895874023,13.987861633300781
EGFR,5hib,A,in,in,ACTIVE,10.891180038452148,12.206756591796875,5.751983165740967
EGFR,5hic,A,in,in,ACTIVE,10.792244911193848,12.300905227661133,5.2997846603393555
EGFR,4zse,D,in,out,INACTIVE,15.319425582885742,13.073070526123047,11.242993354797363
EGFR,5d41,A,in,out,INACTIVE,14.745674133300781,13.653523445129395,10.376601219177246
EGFR,5d41,A,in,out,INACTIVE,14.745674133300781,13.653523445129395,10.376601219177246
EGFR,4zse,D,in,out,INACTIVE,15.319425582885742,13.073070526123047,11.242993354797363
EGFR,2rgp,A,in,out,INACTIVE,15.269807815551758,13.239818572998047,10.386848449707031
EGFR,3bel,A,in,out,INACTIVE,15.32475471496582,13.226133346557617,10.294106483459473
EGFR,5fee,A,in,in,ACTIVE,11.354816436767578,13.451126098632812,6.774570465087891
EGFR,5fed,A,in,in,ACTIVE,11.19326400756836,13.009164810180664,5.70148229598999
EGFR,5feq,A,in,in,ACTIVE,10.875395774841309,12.628986358642578,5.491357803344727
EGFR,5j9y,A,in,in,ACTIVE,11.090065956115723,13.296005249023438,5.612048625946045
EGFR,5j9y,A,in,in,ACTIVE,11.090065956115723,13.296005249023438,5.612048625946045
EGFR,5j9z,A,in,in,ACTIVE,11.214658737182617,13.857179641723633,6.207780838012695
EGFR,5jeb,A,in,in,ACTIVE,10.998666763305664,11.372481346130371,5.267629146575928
EGFR,5hcy,A,in,in,ACTIVE,10.910528182983398,12.397224426269531,5.212636470794678
EGFR,5hcx,A,in,in,ACTIVE,10.708723068237305,12.28284740447998,5.2074875831604
EGFR,5hcz,A,in,in,ACTIVE,10.688737869262695,12.18979263305664,5.119752407073975
EGFR,3poz,A,in,out,INACTIVE,15.530685424804688,13.225614547729492,10.658873558044434
EGFR,5u8l,A,out,out,INACTIVE,15.299914360046387,8.920099258422852,13.820198059082031
EGFR,5u8l,A,out,out,INACTIVE,15.299914360046387,8.920099258422852,13.820198059082031
EGFR,5uga,A,out,out,INACTIVE,14.97008228302002,9.111846923828125,13.897753715515137
EGFR,5ug9,A,out,out,INACTIVE,14.864657402038574,9.282411575317383,13.260346412658691
EGFR,5ug9,A,out,out,INACTIVE,14.864657402038574,9.282411575317383,13.260346412658691
EGFR,5ug8,A,out,out,INACTIVE,14.927237510681152,9.316835403442383,13.304624557495117
EGFR,5ugb,A,in,in,ACTIVE,11.153725624084473,12.866944313049316,5.797813415527344
EGFR,5ugc,A,out,out,INACTIVE,15.048240661621094,9.385343551635742,13.247636795043945
EGFR,5uga,A,out,out,INACTIVE,14.97008228302002,9.111846923828125,13.897753715515137
EGFR,5ugc,A,out,out,INACTIVE,15.048240661621094,9.385343551635742,13.247636795043945
EGFR,5ug8,A,out,out,INACTIVE,14.927237510681152,9.316835403442383,13.304624557495117
EGFR,5gnk,A,in,in,ACTIVE,14.032097816467285,13.737439155578613,8.872353553771973
EGFR,5gnk,A,in,in,ACTIVE,14.032097816467285,13.737439155578613,8.872353553771973
EGFR,5gmp,A,in,in,ACTIVE,11.104779243469238,13.77484130859375,5.833535671234131
EGFR,5gmp,A,in,in,ACTIVE,11.104779243469238,13.77484130859375,5.833535671234131
EGFR,5gtz,A,in,in,ACTIVE,10.781891822814941,12.937945365905762,5.46909761428833
EGFR,5gty,D,in,out,INACTIVE,15.709041595458984,13.582006454467773,11.05158805847168
EGFR,5gtz,A,in,in,ACTIVE,10.781891822814941,12.937945365905762,5.46909761428833
EGFR,5gty,D,in,out,INACTIVE,15.709041595458984,13.582006454467773,11.05158805847168
EGFR,5uwd,A,out-like,out,INACTIVE,14.059610366821289,10.825507164001465,9.47616958618164
EGFR,5xgm,A,in,in,ACTIVE,11.47522258758545,16.332035064697266,8.205229759216309
EGFR,5xdk,A,in,in,ACTIVE,11.449874877929688,13.53856086730957,5.87095832824707
EGFR,5xdl,A,in,in,ACTIVE,11.021912574768066,13.22815990447998,5.323015213012695
EGFR,3w2o,A,in,in,ACTIVE,13.02170181274414,14.960185050964355,5.693541526794434
EGFR,3w2o,A,in,in,ACTIVE,13.02170181274414,14.960185050964355,5.693541526794434
EGFR,5yu9,D,in,out,INACTIVE,15.339656829833984,12.96818733215332,10.123370170593262
EGFR,5yu9,D,in,out,INACTIVE,15.339656829833984,12.96818733215332,10.123370170593262
EGFR,5x2a,B,in,out,INACTIVE,15.388412475585938,12.761008262634277,10.388898849487305
EGFR,5x27,A,in,in,ACTIVE,10.958247184753418,12.746843338012695,5.587460041046143
EGFR,5x26,A,in,in,ACTIVE,11.023855209350586,12.790078163146973,5.556643486022949
EGFR,5x28,A,in,in,ACTIVE,11.182482719421387,12.880690574645996,5.530914783477783
EGFR,5x2f,B,in,out,INACTIVE,15.669778823852539,12.876063346862793,10.410259246826172
EGFR,5x2a,B,in,out,INACTIVE,15.388412475585938,12.761008262634277,10.388898849487305
EGFR,5x2f,B,in,out,INACTIVE,15.669778823852539,12.876063346862793,10.410259246826172
EGFR,5x2a,B,in,out,INACTIVE,15.388412475585938,12.761008262634277,10.388898849487305
EGFR,5x2c,A,in,out,INACTIVE,15.317129135131836,12.551166534423828,10.426650047302246
EGFR,5x2c,A,in,out,INACTIVE,15.317129135131836,12.551166534423828,10.426650047302246
EGFR,5x2c,A,in,out,INACTIVE,15.317129135131836,12.551166534423828,10.426650047302246
EGFR,5x2k,A,in,in,ACTIVE,11.069876670837402,13.859053611755371,6.431652069091797
EGFR,5y9t,A,in,in,ACTIVE,11.197774887084961,13.333300590515137,6.1506524085998535
EGFR,5zwj,A,in,out,INACTIVE,14.332274436950684,14.23318099975586,10.455170631408691
EGFR,5y25,A,in,in,ACTIVE,11.660774230957031,14.744673728942871,7.633875370025635
EGFR,6d8e,A,in,in,ACTIVE,11.180970191955566,13.42293643951416,5.715669631958008
EGFR,6duk,B,in,out,INACTIVE,15.402501106262207,13.8419189453125,10.863476753234863
EGFR,6duk,B,in,out,INACTIVE,15.402501106262207,13.8419189453125,10.863476753234863
EGFR,5zto,A,in,in,ACTIVE,11.147612571716309,15.745091438293457,8.632391929626465
EGFR,6s89,A,in,in,ACTIVE,11.525250434875488,13.600890159606934,6.298661231994629
EGFR,6s8a,A,in,in,ACTIVE,11.095104217529297,13.086071968078613,5.790843486785889
EGFR,6s9d,A,in,in,ACTIVE,10.963802337646484,12.452628135681152,5.542260646820068
EGFR,6s9c,A,in,in,ACTIVE,11.12991714477539,12.65335750579834,5.378726959228516
EGFR,6s9b,A,in,in,ACTIVE,11.240533828735352,13.26252269744873,5.2972412109375
EGFR,6s9c,A,in,in,ACTIVE,11.12991714477539,12.65335750579834,5.378726959228516
EGFR,6jz0,A,in,in,ACTIVE,11.110084533691406,13.01029109954834,5.389308929443359
EGFR,6p1d,B,in,out,INACTIVE,15.193513870239258,13.511046409606934,11.312291145324707
EGFR,6p8q,A,in,out,INACTIVE,15.493712425231934,13.96450424194336,10.831867218017578
EGFR,6p1l,A,in,out,INACTIVE,14.862798690795898,13.832618713378906,10.456951141357422
EGFR,6p8q,A,in,out,INACTIVE,15.493712425231934,13.96450424194336,10.831867218017578
EGFR,6p1d,B,in,out,INACTIVE,15.193513870239258,13.511046409606934,11.312291145324707
EGFR,6jrx,A,in,in,ACTIVE,11.10568904876709,13.617781639099121,6.677801132202148
EGFR,6jrj,A,in,in,ACTIVE,11.22150707244873,14.312397956848145,7.9577436447143555
EGFR,6jrk,A,in,in,ACTIVE,11.377535820007324,14.219927787780762,6.475863933563232
EGFR,6v5n,C,in,out,INACTIVE,15.337162971496582,13.10576343536377,10.14118480682373
EGFR,6v5p,D,in,out,INACTIVE,15.679459571838379,12.818632125854492,10.406577110290527
EGFR,6v6o,C,in,out,INACTIVE,15.619983673095703,13.341821670532227,10.587044715881348
EGFR,6vhn,A,in,in,ACTIVE,11.310083389282227,13.48202133178711,5.493618488311768
EGFR,6jwl,A,in,in,ACTIVE,10.912620544433594,12.828295707702637,5.463408946990967
EGFR,6jx0,A,in,in,ACTIVE,11.1094388961792,11.45776081085205,6.021936416625977
EGFR,6jx4,A,in,in,ACTIVE,10.759330749511719,12.915032386779785,5.671474933624268
EGFR,6v6k,B,in,out,INACTIVE,15.338057518005371,13.115117073059082,10.305891036987305
EGFR,6vhp,A,in,in,ACTIVE,11.429128646850586,13.482150077819824,5.469915390014648
EGFR,6vh4,A,in,in,ACTIVE,11.131217002868652,12.960248947143555,5.41541862487793
EGFR,6v5p,D,in,out,INACTIVE,15.679459571838379,12.818632125854492,10.406577110290527
EGFR,6v5n,C,in,out,INACTIVE,15.337162971496582,13.10576343536377,10.14118480682373
EGFR,6v66,D,in,out,INACTIVE,15.521637916564941,13.460125923156738,10.732160568237305
EGFR,6v66,D,in,out,INACTIVE,15.521637916564941,13.460125923156738,10.732160568237305
EGFR,6v6k,B,in,out,INACTIVE,15.338057518005371,13.115117073059082,10.305891036987305
EGFR,6v6o,C,in,out,INACTIVE,15.619983673095703,13.341821670532227,10.587044715881348
EGFR,6jxt,A,in,out,INACTIVE,15.187405586242676,13.318216323852539,10.452356338500977
EGFR,6jxt,A,in,out,INACTIVE,15.187405586242676,13.318216323852539,10.452356338500977
EGFR,6tg1,A,in,out,INACTIVE,15.617103576660156,12.799285888671875,10.541668891906738
EGFR,6tfv,B,in,out,INACTIVE,15.179801940917969,12.467076301574707,10.459341049194336
EGFR,6tfy,B,in,out,INACTIVE,15.14531421661377,12.892095565795898,10.193666458129883
EGFR,6tg0,A,in,out,INACTIVE,15.600362777709961,12.852876663208008,10.485211372375488
EGFR,6tfw,A,in,out,INACTIVE,15.458141326904297,13.722280502319336,10.696237564086914
EGFR,6tg0,A,in,out,INACTIVE,15.600362777709961,12.852876663208008,10.485211372375488
EGFR,6tg1,A,in,out,INACTIVE,15.617103576660156,12.799285888671875,10.541668891906738
EGFR,6tfz,A,in,out,INACTIVE,15.30968189239502,13.429454803466797,10.370282173156738
EGFR,6tfu,B,in,out,INACTIVE,15.096880912780762,13.237650871276855,10.595693588256836
EGFR,6tfv,B,in,out,INACTIVE,15.179801940917969,12.467076301574707,10.459341049194336
EGFR,6tfz,A,in,out,INACTIVE,15.30968189239502,13.429454803466797,10.370282173156738
EGFR,6tfy,B,in,out,INACTIVE,15.14531421661377,12.892095565795898,10.193666458129883
EGFR,6lub,A,in,in,ACTIVE,11.286887168884277,12.814173698425293,5.4268341064453125
EGFR,6lub,A,in,in,ACTIVE,11.286887168884277,12.814173698425293,5.4268341064453125
EGFR,6lud,A,in,in,ACTIVE,11.335977554321289,13.152156829833984,5.461966037750244
EGFR,7a2a,A,in,out,INACTIVE,15.16732120513916,15.208409309387207,10.527928352355957
EGFR,6z4d,A,in,out,INACTIVE,15.680319786071777,13.074885368347168,10.168764114379883
EGFR,6z4d,A,in,out,INACTIVE,15.680319786071777,13.074885368347168,10.168764114379883
EGFR,6z4b,A,in,out,INACTIVE,15.806144714355469,14.285297393798828,12.024017333984375
EGFR,6z4b,A,in,out,INACTIVE,15.806144714355469,14.285297393798828,12.024017333984375
EGFR,7a2a,A,in,out,INACTIVE,15.16732120513916,15.208409309387207,10.527928352355957
EGFR,7aem,A,in,in,ACTIVE,11.10432243347168,12.546525001525879,5.532015800476074
EGFR,6wa2,D,in,out,INACTIVE,15.570457458496094,13.538604736328125,10.380959510803223
EGFR,6wak,A,in,out,INACTIVE,15.529720306396484,12.932417869567871,11.271492958068848
EGFR,6wa2,D,in,out,INACTIVE,15.570457458496094,13.538604736328125,10.380959510803223
EGFR,6wak,A,in,out,INACTIVE,15.529720306396484,12.932417869567871,11.271492958068848
EGFR,7aei,A,in,in,ACTIVE,11.189701080322266,12.682080268859863,5.657642841339111
EGFR,6xl4,A,in,out,INACTIVE,15.178966522216797,14.279112815856934,10.83793830871582
EGFR,7jxp,A,in,out,INACTIVE,15.634634971618652,13.791163444519043,10.619900703430176
EGFR,7jxk,A,in,out,INACTIVE,15.358956336975098,14.24470329284668,10.58132266998291
EGFR,7jxi,A,in,out,INACTIVE,15.204728126525879,12.72202205657959,10.26108455657959
EGFR,7jxq,A,in,out,INACTIVE,15.289535522460938,13.839062690734863,10.475411415100098
EGFR,7jxw,A,in,out,INACTIVE,15.009817123413086,13.926496505737305,10.798108100891113
EGFR,7jxk,A,in,out,INACTIVE,15.358956336975098,14.24470329284668,10.58132266998291
EGFR,7jxq,A,in,out,INACTIVE,15.289535522460938,13.839062690734863,10.475411415100098
EGFR,7jxp,A,in,out,INACTIVE,15.634634971618652,13.791163444519043,10.619900703430176
EGFR,7jxi,A,in,out,INACTIVE,15.204728126525879,12.72202205657959,10.26108455657959
EGFR,7jxm,A,in,out,INACTIVE,15.388297080993652,12.824979782104492,10.277594566345215
EGFR,7jxw,A,in,out,INACTIVE,15.009817123413086,13.926496505737305,10.798108100891113
EGFR,7jxl,A,in,out,INACTIVE,15.002280235290527,12.132475852966309,10.306203842163086
EGFR,7jxl,A,in,out,INACTIVE,15.002280235290527,12.132475852966309,10.306203842163086
EGFR,7k1h,A,in,out,INACTIVE,15.221214294433594,14.042834281921387,11.07638931274414
EGFR,7k1i,A,in,out,INACTIVE,15.367260932922363,13.69782829284668,10.53696346282959
EGFR,7k1i,A,in,out,INACTIVE,15.367260932922363,13.69782829284668,10.53696346282959
EGFR,7oxb,A,in,in,ACTIVE,10.820857048034668,12.217801094055176,5.587474822998047
EGFR,7ky0,A,in,out,INACTIVE,15.050872802734375,12.478976249694824,9.85164737701416
EGFR,7kxz,A,in,in,ACTIVE,10.98259162902832,12.390387535095215,5.685452461242676
EGFR,7ltx,A,in,out,INACTIVE,14.90522575378418,13.805578231811523,10.649184226989746
EGFR,7a6i,A,in,in,ACTIVE,12.8052396774292,13.52900505065918,5.7201924324035645
EGFR,7a6k,A,in,out,INACTIVE,15.094467163085938,12.82424545288086,9.937027931213379
EGFR,7a6k,A,in,out,INACTIVE,15.094467163085938,12.82424545288086,9.937027931213379
EGFR,7a6j,A,in,out,INACTIVE,15.489867210388184,12.968260765075684,10.313122749328613
EGFR,7a6k,A,in,out,INACTIVE,15.094467163085938,12.82424545288086,9.937027931213379
EGFR,7a6j,A,in,out,INACTIVE,15.489867210388184,12.968260765075684,10.313122749328613
EGFR,7lg8,A,in,out,INACTIVE,15.548072814941406,14.530049324035645,10.963703155517578
EGFR,7b85,A,in,in,ACTIVE,10.509695053100586,11.95347785949707,5.690117359161377
EGFR,7er2,A,in,in,ACTIVE,10.9833984375,12.439465522766113,5.793643951416016
EGFR,7vra,A,in,in,ACTIVE,10.914079666137695,12.359273910522461,5.894040107727051
EGFR,7vre,A,in,in,ACTIVE,10.865363121032715,12.422860145568848,6.208090305328369
EGFR,7vra,A,in,in,ACTIVE,10.914079666137695,12.359273910522461,5.894040107727051
EGFR,8d73,A,in,in,ACTIVE,11.105224609375,12.727212905883789,4.925745487213135
EGFR,8d76,A,in,in,ACTIVE,11.171151161193848,12.72105598449707,5.007529258728027
EGFR,8d73,A,in,in,ACTIVE,11.105224609375,12.727212905883789,4.925745487213135
EGFR,8d76,A,in,in,ACTIVE,11.171151161193848,12.72105598449707,5.007529258728027
EGFR,8a27,A,in,out,INACTIVE,15.013827323913574,13.910983085632324,10.49088191986084
EGFR,8a2b,A,in,out,INACTIVE,14.804351806640625,14.501386642456055,10.995891571044922
EGFR,8a2d,A,in,out,INACTIVE,14.78897762298584,13.604695320129395,10.803274154663086
EGFR,8a2a,A,in,out,INACTIVE,15.46004581451416,13.873969078063965,10.45824146270752
EGFR,8a2b,A,in,out,INACTIVE,14.804351806640625,14.501386642456055,10.995891571044922
EGFR,8a2d,A,in,out,INACTIVE,14.78897762298584,13.604695320129395,10.803274154663086
EGFR,8a27,A,in,out,INACTIVE,15.013827323913574,13.910983085632324,10.49088191986084
EGFR,8a2a,A,in,out,INACTIVE,15.46004581451416,13.873969078063965,10.45824146270752
EGFR,7t4i,A,in,in,ACTIVE,11.218993186950684,13.311077117919922,5.44540548324585
EGFR,7u98,A,in,out,INACTIVE,15.571707725524902,12.740876197814941,10.296141624450684
EGFR,7u9a,A,in,in,ACTIVE,11.169135093688965,12.99697494506836,5.408088207244873
EGFR,7ukv,A,in,in,ACTIVE,11.304703712463379,13.194453239440918,5.832395553588867
EGFR,7t4j,A,in,in,ACTIVE,10.642696380615234,11.662222862243652,5.6434221267700195
EGFR,7u99,A,in,in,ACTIVE,11.08342456817627,12.827863693237305,5.447019100189209
EGFR,7zyq,A,in,out,INACTIVE,15.711376190185547,12.660670280456543,11.603879928588867
EGFR,7zyq,A,in,out,INACTIVE,15.711376190185547,12.660670280456543,11.603879928588867
EGFR,7zyp,A,in,in,ACTIVE,12.128230094909668,14.104246139526367,5.6740336418151855
EGFR,7zym,A,in,in,ACTIVE,10.951338768005371,12.264751434326172,5.752520561218262
EGFR,7zyn,A,in,in,ACTIVE,11.073138236999512,12.804038047790527,5.791441917419434
EGFR,7zyn,A,in,in,ACTIVE,11.073138236999512,12.804038047790527,5.791441917419434
EGFR,8g63,A,in,in,ACTIVE,11.555157661437988,13.456202507019043,5.24778938293457
EGFR,8f1z,A,in,in,ACTIVE,10.809170722961426,12.166230201721191,5.563482761383057
EGFR,8f1y,A,in,in,ACTIVE,11.2063627243042,13.00558853149414,5.416356563568115
EGFR,8hy7,A,in,in,ACTIVE,11.063362121582031,12.959640502929688,6.015178680419922
EGFR,8f1x,A,in,in,ACTIVE,11.014692306518555,12.615694999694824,5.574729919433594
EGFR,8f1x,A,in,in,ACTIVE,11.014692306518555,12.615694999694824,5.574729919433594
EGFR,8f1w,A,in,out,INACTIVE,15.214454650878906,12.633342742919922,10.256383895874023
EGFR,8h7x,A,in,in,ACTIVE,11.38807487487793,11.95197582244873,5.572962284088135
EGFR,8dsw,A,in,in,ACTIVE,12.17252254486084,14.531204223632812,8.713001251220703
EGFR,8f1h,A,in,in,ACTIVE,11.554536819458008,12.856342315673828,5.291491985321045
EGFR,8hv9,A,in,in,ACTIVE,10.856460571289062,13.315546035766602,5.434956073760986
EGFR,8hv6,A,in,in,ACTIVE,11.373700141906738,13.84338092803955,5.478606224060059
EGFR,8hv5,A,in,in,ACTIVE,11.359530448913574,13.413875579833984,5.403027057647705
EGFR,8hv7,A,in,in,ACTIVE,10.796806335449219,12.907732963562012,5.321303844451904
EGFR,8hv3,A,in,in,ACTIVE,11.365701675415039,13.983004570007324,5.589241981506348
EGFR,8hv2,A,in,in,ACTIVE,11.111458778381348,13.334868431091309,5.5945563316345215
EGFR,8hv5,A,in,in,ACTIVE,11.359530448913574,13.413875579833984,5.403027057647705
EGFR,8hv9,A,in,in,ACTIVE,10.856460571289062,13.315546035766602,5.434956073760986
EGFR,8hv6,A,in,in,ACTIVE,11.373700141906738,13.84338092803955,5.478606224060059
EGFR,8hv1,A,in,in,ACTIVE,11.33924674987793,13.263176918029785,5.487597465515137
EGFR,8hv8,A,in,in,ACTIVE,10.844345092773438,13.121172904968262,5.342657089233398
EGFR,8wd4,A,in,in,ACTIVE,11.05463695526123,12.739672660827637,5.259542942047119
EGFR,8hv4,A,in,in,ACTIVE,10.955660820007324,13.250994682312012,5.448890209197998
EGFR,8hva,A,in,in,ACTIVE,11.004342079162598,12.86266803741455,5.432142734527588
EGFR,8hv2,A,in,in,ACTIVE,11.111458778381348,13.334868431091309,5.5945563316345215
EGFR,8fv4,A,in,out,INACTIVE,15.289265632629395,12.605169296264648,10.391335487365723
EGFR,8fv4,A,in,out,INACTIVE,15.289265632629395,12.605169296264648,10.391335487365723
EGFR,8fv3,A,in,out,INACTIVE,15.153759956359863,12.928518295288086,11.27603530883789
EGFR,8fv3,A,in,out,INACTIVE,15.153759956359863,12.928518295288086,11.27603530883789
EGFR,8gb4,A,in,out,INACTIVE,15.13659381866455,14.259791374206543,10.40816593170166
EGFR,8gb4,A,in,out,INACTIVE,15.13659381866455,14.259791374206543,10.40816593170166
EGFR,8tjl,A,in,in,ACTIVE,11.274928092956543,13.08510971069336,5.415205955505371
EGFR,8sc7,A,in,in,ACTIVE,10.99793529510498,12.67611312866211,5.384393215179443
EGFR,8sc7,A,in,in,ACTIVE,10.99793529510498,12.67611312866211,5.384393215179443
EGFR,8sc7,A,in,in,ACTIVE,10.99793529510498,12.67611312866211,5.384393215179443
EGFR,8gk5,A,in,out,INACTIVE,14.981955528259277,14.240593910217285,10.73373031616211
EGFR,8kfq,A,in,in,ACTIVE,11.240433692932129,13.126812934875488,5.766223907470703
EGFR,8to3,A,in,out,INACTIVE,15.029215812683105,13.451614379882812,10.371841430664062
EGFR,8to3,A,in,out,INACTIVE,15.029215812683105,13.451614379882812,10.371841430664062
EGFR,8to4,A,in,out,INACTIVE,15.4461030960083,12.899514198303223,10.34885311126709
EGFR,7lgs,C,in,in,ACTIVE,10.778650283813477,12.029213905334473,5.491469383239746
EGFR,7lgs,C,in,in,ACTIVE,10.778650283813477,12.029213905334473,5.491469383239746
EGFR,8to4,A,in,out,INACTIVE,15.4461030960083,12.899514198303223,10.34885311126709
EGFR,4r3r,A,in,in,ACTIVE,12.227059364318848,14.387052536010742,5.493127346038818
EGFR,4i20,A,out,in,INACTIVE,15.128997802734375,6.751280784606934,10.885323524475098
EGFR,5edp,A,in,in,ACTIVE,11.57517147064209,15.472588539123535,7.9865031242370605
EGFR,2rf9,B,out,in,INACTIVE,15.130450248718262,8.096183776855469,10.043744087219238
EGFR,2gs6,A,in,in,ACTIVE,11.760496139526367,13.338316917419434,5.668618202209473
EGFR,4wd5,B,out-like,out,INACTIVE,10.379244804382324,7.72700834274292,8.617259979248047
EGFR,4r3p,A,in,in,ACTIVE,12.439908981323242,14.068842887878418,5.3441901206970215
EGFR,2j5e,A,in,in,ACTIVE,10.618104934692383,12.578482627868652,5.28740119934082
EGFR,7tvd,A,in,in,ACTIVE,10.640852928161621,15.842278480529785,8.584722518920898
EGFR,5xgn,B,out-like,out,INACTIVE,10.359704971313477,7.983399391174316,8.173914909362793
EGFR,3gop,A,out-like,out,INACTIVE,11.427596092224121,11.930363655090332,9.70235824584961
EGFR,4zjv,A,out,in,INACTIVE,14.652588844299316,6.8850555419921875,10.482043266296387
EGFR,3gop,A,out-like,out,INACTIVE,11.427596092224121,11.930363655090332,9.70235824584961
EGFR,6wxn,A,in,out,INACTIVE,14.7823486328125,13.283811569213867,10.523889541625977
EGFR,3ika,B,out-like,out,INACTIVE,10.267831802368164,7.966836929321289,8.251585006713867
EGFR,5czi,A,in,in,ACTIVE,12.567912101745605,14.40473747253418,5.554113864898682
EGFR,7ukw,A,in,out,INACTIVE,15.32520866394043,13.249513626098633,10.89622974395752
EGFR,4tks,A,in,in,ACTIVE,11.311761856079102,12.921202659606934,5.391215801239014
EGFR,7ukw,A,in,out,INACTIVE,15.32520866394043,13.249513626098633,10.89622974395752
EGFR,3ika,B,out-like,out,INACTIVE,10.267831802368164,7.966836929321289,8.251585006713867
EGFR,5czh,A,in,in,ACTIVE,12.296032905578613,14.300639152526855,5.475071430206299
EGFR,7si1,A,in,in,ACTIVE,12.064042091369629,13.716979026794434,5.522349834442139
EGFR,3ug1,A,in,in,ACTIVE,11.300131797790527,12.932010650634766,5.629885196685791
EGFR,7si1,A,in,in,ACTIVE,12.064042091369629,13.716979026794434,5.522349834442139
EGFR,4g5p,B,out-like,out,INACTIVE,10.27218246459961,7.786767482757568,8.32720947265625
EGFR,2gs2,A,in,in,ACTIVE,11.620131492614746,13.87838077545166,5.7128682136535645
EGFR,1m14,A,in,in,ACTIVE,11.56730842590332,13.372480392456055,5.825137138366699
EGFR,2rfd,B,in,out,INACTIVE,15.896524429321289,12.542043685913086,10.805386543273926
EGFR,4wrg,A,in,in,ACTIVE,11.870466232299805,13.65054988861084,5.553869724273682
EGFR,2jit,A,in,in,ACTIVE,10.932341575622559,11.314006805419922,5.854002952575684
EGFR,6wxn,A,in,out,INACTIVE,14.7823486328125,13.283811569213867,10.523889541625977
EGFR,7si1,A,in,in,ACTIVE,12.064042091369629,13.716979026794434,5.522349834442139
EGFR,4wrg,A,in,in,ACTIVE,11.870466232299805,13.65054988861084,5.553869724273682
EGFR,2jiu,B,out-like,out,INACTIVE,10.627620697021484,8.082903861999512,8.316810607910156
EGFR,3ug1,A,in,in,ACTIVE,11.300131797790527,12.932010650634766,5.629885196685791
EGFR,2eb2,A,in,in,ACTIVE,11.464737892150879,13.68839168548584,5.777828216552734
EGFR,2rfe,C,in,out,INACTIVE,15.621003150939941,13.263785362243652,10.266879081726074
EGFR,4zjv,A,out,in,INACTIVE,14.652588844299316,6.8850555419921875,10.482043266296387
EGFR,8eme,A,in,out,INACTIVE,15.541407585144043,11.533409118652344,9.515814781188965
BRAF,4mnf,A,in,in,ACTIVE,11.17459487915039,11.205419540405273,5.570265293121338
BRAF,4wo5,B,in,out,INACTIVE,14.069938659667969,12.176119804382324,9.888216972351074
BRAF,3d4q,B,in,in,ACTIVE,11.098198890686035,11.125621795654297,5.529187202453613
BRAF,3c4c,A,in,out,INACTIVE,13.625346183776855,12.341368675231934,9.955038070678711
BRAF,4ksq,A,out,in,INACTIVE,11.079648971557617,9.16809368133545,12.139070510864258
BRAF,4ksp,B,out,in,INACTIVE,11.072016716003418,10.056983947753906,13.425141334533691
BRAF,4g9c,B,out,in,INACTIVE,11.109408378601074,9.378713607788086,11.727449417114258
BRAF,3skc,B,in,out,INACTIVE,13.470611572265625,12.999110221862793,9.766046524047852
BRAF,4jvg,B,out,in,INACTIVE,10.966304779052734,10.150280952453613,11.671704292297363
BRAF,2fb8,B,in,in,ACTIVE,11.266668319702148,11.16871166229248,5.528631210327148
BRAF,4dbn,B,out,in,INACTIVE,10.926161766052246,9.722468376159668,12.205018997192383
BRAF,4e4x,B,in,out,INACTIVE,13.599935531616211,13.000711441040039,10.453495025634766
BRAF,1uwj,B,out,in,INACTIVE,10.658792495727539,9.785590171813965,11.606582641601562
BRAF,3ii5,B,out,in,INACTIVE,11.517698287963867,9.757940292358398,12.044319152832031
BRAF,3q96,B,out,in,INACTIVE,11.069278717041016,9.735332489013672,12.181110382080078
BRAF,4cqe,B,in,out,INACTIVE,12.195874214172363,12.249025344848633,8.870275497436523
BRAF,4e26,A,in,in,ACTIVE,11.198685646057129,11.24517822265625,6.212258338928223
BRAF,4ehg,B,in,out,INACTIVE,13.751469612121582,12.633354187011719,10.110825538635254
BRAF,4mbj,A,in,out,INACTIVE,13.782025337219238,12.903502464294434,10.102507591247559
BRAF,3ppj,A,in,in,ACTIVE,11.229532241821289,11.273805618286133,5.861730098724365
BRAF,3ppk,B,in,in,ACTIVE,10.947296142578125,11.19773006439209,5.4030609130859375
BRAF,5c9c,B,out,in,INACTIVE,11.132153511047363,10.185940742492676,13.067358016967773
BRAF,3pri,A,in,in,ACTIVE,10.486146926879883,11.567002296447754,5.015174865722656
BRAF,1uwh,B,out,in,INACTIVE,11.04207992553711,9.600300788879395,11.836095809936523
BRAF,3tv6,B,in,out,INACTIVE,13.891436576843262,12.787626266479492,10.480567932128906
BRAF,4pp7,A,in,out,INACTIVE,13.700190544128418,12.735416412353516,10.074420928955078
BRAF,4g9r,A,out,in,INACTIVE,11.324719429016113,9.494623184204102,12.128009796142578
BRAF,3idp,B,out,in,INACTIVE,10.734289169311523,10.317005157470703,12.287946701049805
BRAF,4ehe,A,in,out,INACTIVE,13.838016510009766,12.919941902160645,10.675392150878906
BRAF,4fc0,A,out,in,INACTIVE,11.437881469726562,9.703801155090332,12.117475509643555
BRAF,3psb,B,in,in,ACTIVE,11.52876091003418,11.114338874816895,5.969175338745117
BRAF,5c9c,B,out,in,INACTIVE,11.132153511047363,10.185940742492676,13.067358016967773
BRAF,3prf,B,in,in,ACTIVE,10.90906810760498,10.861437797546387,5.22057580947876
BRAF,3tv4,B,in,out,INACTIVE,13.655609130859375,12.581499099731445,10.234612464904785
BRAF,4mnf,A,in,in,ACTIVE,11.17459487915039,11.205419540405273,5.570265293121338
BRAF,3psd,A,in,in,ACTIVE,11.187176704406738,11.018024444580078,5.749279499053955
BRAF,5ct7,B,out,in,INACTIVE,10.549357414245605,8.920878410339355,12.898868560791016
BRAF,4xv9,A,out,out,INACTIVE,13.32499885559082,9.204421043395996,14.769719123840332
BRAF,4xv2,B,in,out,INACTIVE,12.31153678894043,12.14004898071289,9.159597396850586
BRAF,4xv9,A,out,out,INACTIVE,13.32499885559082,9.204421043395996,14.769719123840332
BRAF,4r5y,A,out,in,INACTIVE,11.414144515991211,9.769192695617676,12.759649276733398
BRAF,5csw,A,in,out,INACTIVE,12.596129417419434,12.07806396484375,10.10799789428711
BRAF,5csx,A,out,out,INACTIVE,12.839071273803711,9.602319717407227,14.354510307312012
BRAF,4yht,B,in,in,ACTIVE,11.141006469726562,10.671293258666992,5.9901652336120605
BRAF,5hie,D,in,out,INACTIVE,17.040163040161133,11.978656768798828,10.103606224060059
BRAF,5hi2,A,out,in,INACTIVE,10.694767951965332,10.065425872802734,11.816804885864258
BRAF,5hid,A,out,in,INACTIVE,11.099617958068848,10.144828796386719,12.364463806152344
BRAF,5hie,D,in,out,INACTIVE,17.040163040161133,11.978656768798828,10.103606224060059
BRAF,5hid,A,out,in,INACTIVE,11.099617958068848,10.144828796386719,12.364463806152344
BRAF,5fd2,A,in,out,INACTIVE,14.388731956481934,12.80101203918457,10.122786521911621
BRAF,4rzw,B,out,in,INACTIVE,11.31670093536377,9.700284004211426,11.803390502929688
BRAF,5ita,B,in,out,INACTIVE,12.649893760681152,12.221480369567871,7.838220119476318
BRAF,4rzv,A,in,out,INACTIVE,14.580373764038086,12.563916206359863,11.146851539611816
BRAF,5jrq,A,in,out,INACTIVE,14.068750381469727,12.423864364624023,10.288597106933594
BRAF,5vam,A,out,in,INACTIVE,11.155046463012695,9.795975685119629,11.998401641845703
BRAF,5val,A,out,in,INACTIVE,10.725625991821289,9.817083358764648,11.908637046813965
BRAF,5vam,A,out,in,INACTIVE,11.155046463012695,9.795975685119629,11.998401641845703
BRAF,6b8u,A,out,in,INACTIVE,11.28654956817627,9.554047584533691,12.600293159484863
BRAF,6cad,B,out,out,INACTIVE,11.659467697143555,10.09125804901123,13.499308586120605
BRAF,6nsq,B,out,in,INACTIVE,11.562603950500488,10.210619926452637,12.021767616271973
BRAF,6u2h,D,in,in,ACTIVE,11.209471702575684,10.828384399414062,5.999843597412109
BRAF,6u2g,B,in,out,INACTIVE,16.224693298339844,13.37055492401123,10.691367149353027
BRAF,6n0p,A,out,in,INACTIVE,11.211899757385254,9.542526245117188,12.239302635192871
BRAF,6n0p,A,out,in,INACTIVE,11.211899757385254,9.542526245117188,12.239302635192871
BRAF,6nyb,A,in,out,INACTIVE,15.766158103942871,13.137019157409668,10.92750358581543
BRAF,6pp9,A,in,out,INACTIVE,15.991920471191406,13.081143379211426,10.85216236114502
BRAF,6pp9,A,in,out,INACTIVE,15.991920471191406,13.081143379211426,10.85216236114502
BRAF,6n0q,A,out,in,INACTIVE,10.83130168914795,9.629310607910156,12.088491439819336
BRAF,6n0q,A,out,in,INACTIVE,10.83130168914795,9.629310607910156,12.088491439819336
BRAF,6uuo,A,in,out,INACTIVE,12.600566864013672,12.280701637268066,8.41335391998291
BRAF,6p3d,A,out,in,INACTIVE,11.235052108764648,8.86141586303711,11.423197746276855
BRAF,6p7g,D,out,in,INACTIVE,11.012410163879395,9.444816589355469,12.242825508117676
BRAF,6v30,A,in,out,INACTIVE,16.148853302001953,13.048584938049316,10.972319602966309
BRAF,6v2y,A,in,out,INACTIVE,16.106170654296875,13.11195182800293,11.050153732299805
BRAF,6v2v,A,in,out,INACTIVE,15.948893547058105,13.00344181060791,10.88456916809082
BRAF,6v2w,A,in,out,INACTIVE,16.107120513916016,13.008565902709961,11.02181625366211
BRAF,6v31,A,in,out,INACTIVE,16.086925506591797,13.161555290222168,10.992781639099121
BRAF,6v2z,A,in,out,INACTIVE,15.937599182128906,13.0245361328125,10.804036140441895
BRAF,6v32,A,in,out,INACTIVE,16.201663970947266,13.122467041015625,10.990300178527832
BRAF,6v2v,A,in,out,INACTIVE,15.948893547058105,13.00344181060791,10.88456916809082
BRAF,6v2w,A,in,out,INACTIVE,16.107120513916016,13.008565902709961,11.02181625366211
BRAF,6v2z,A,in,out,INACTIVE,15.937599182128906,13.0245361328125,10.804036140441895
BRAF,6v2u,A,in,out,INACTIVE,12.534958839416504,12.005293846130371,10.132991790771484
BRAF,6v2x,A,in,out,INACTIVE,16.138721466064453,13.202659606933594,10.988725662231445
BRAF,6v34,B,out,in,INACTIVE,11.807526588439941,9.76536750793457,11.919071197509766
BRAF,6xfp,A,out,in,INACTIVE,11.352009773254395,10.065359115600586,12.37660026550293
BRAF,6xfp,A,out,in,INACTIVE,11.352009773254395,10.065359115600586,12.37660026550293
BRAF,7m0y,A,in,out,INACTIVE,16.10536003112793,13.111197471618652,11.050153732299805
BRAF,7m0z,A,in,out,INACTIVE,16.086925506591797,13.161555290222168,10.992781639099121
BRAF,7m0v,A,in,out,INACTIVE,15.776235580444336,12.956680297851562,10.703753471374512
BRAF,7m0x,A,in,out,INACTIVE,15.956034660339355,13.015705108642578,10.924792289733887
BRAF,7m0x,A,in,out,INACTIVE,15.956034660339355,13.015705108642578,10.924792289733887
BRAF,7m0t,A,in,out,INACTIVE,16.180988311767578,13.079000473022461,10.953166961669922
BRAF,7m0v,A,in,out,INACTIVE,15.776235580444336,12.956680297851562,10.703753471374512
BRAF,7m0u,A,in,out,INACTIVE,16.182384490966797,13.187995910644531,11.066908836364746
BRAF,7m0w,A,in,out,INACTIVE,16.060800552368164,12.959332466125488,10.995162010192871
BRAF,6xlo,A,out,in,INACTIVE,10.921614646911621,9.458444595336914,12.32936954498291
BRAF,7k0v,A,out,in,INACTIVE,11.126522064208984,10.507115364074707,13.823983192443848
BRAF,7k0v,A,out,in,INACTIVE,11.126522064208984,10.507115364074707,13.823983192443848
BRAF,7p3v,A,in,out,INACTIVE,13.355677604675293,12.451480865478516,10.094757080078125
BRAF,7shv,A,in,in,ACTIVE,11.229385375976562,11.201471328735352,5.575445175170898
BRAF,7shv,A,in,in,ACTIVE,11.229385375976562,11.201471328735352,5.575445175170898
BRAF,8c7x,A,out,out,INACTIVE,11.038440704345703,9.812715530395508,11.982625007629395
BRAF,8c7x,A,out,out,INACTIVE,11.038440704345703,9.812715530395508,11.982625007629395
BRAF,8c7y,A,out,in,INACTIVE,10.928528785705566,9.843535423278809,11.940499305725098
BRAF,8c7y,A,out,in,INACTIVE,10.928528785705566,9.843535423278809,11.940499305725098
BRAF,8f7p,A,out,in,INACTIVE,11.341880798339844,9.82204818725586,12.48112678527832
BRAF,8f7p,A,out,in,INACTIVE,11.341880798339844,9.82204818725586,12.48112678527832
BRAF,8f7o,A,out,in,INACTIVE,11.476860046386719,9.610400199890137,11.594765663146973
BRAF,8f7o,A,out,in,INACTIVE,11.476860046386719,9.610400199890137,11.594765663146973
BRAF,8dgs,A,in,out,INACTIVE,16.27554702758789,12.372564315795898,11.158336639404297
BRAF,8dgt,A,in,out,INACTIVE,15.814375877380371,13.168757438659668,10.855895042419434
BRAF,8dgs,A,in,out,INACTIVE,16.27554702758789,12.372564315795898,11.158336639404297
BRAF,8dgt,A,in,out,INACTIVE,15.814375877380371,13.168757438659668,10.855895042419434
BRAF,8qqg,A,out,in,INACTIVE,10.706019401550293,9.536687850952148,12.105154037475586
BRAF,8qqg,A,out,in,INACTIVE,10.706019401550293,9.536687850952148,12.105154037475586
BRAF,9bfb,A,in,out,INACTIVE,14.630289077758789,12.748177528381348,10.242595672607422
BRAF,9bfb,A,in,out,INACTIVE,14.630289077758789,12.748177528381348,10.242595672607422
BRAF,3og7,B,in,in,ACTIVE,11.591451644897461,11.697603225708008,7.305858612060547
BRAF,4xv3,B,in,in,ACTIVE,11.689506530761719,12.27175235748291,6.838053226470947
BRAF,4xv1,B,in,in,ACTIVE,11.499944686889648,10.983156204223633,6.697957515716553
BRAF,4h58,C,out,in,INACTIVE,10.459278106689453,9.81898307800293,11.594852447509766
BRAF,4fk3,B,in,in,ACTIVE,11.599580764770508,11.990415573120117,6.864033222198486
BRAF,4mne,F,in,in,ACTIVE,11.18594741821289,10.748175621032715,6.225245475769043
BRAF,7mfd,A,in,out,INACTIVE,15.68249797821045,11.842962265014648,11.283773422241211
BRAF,5jsm,A,in,out,INACTIVE,14.519341468811035,12.806485176086426,11.092167854309082
BRAF,6q0k,B,in,in,ACTIVE,11.241835594177246,10.92121410369873,6.0927734375
BRAF,6xag,C,in,in,ACTIVE,11.498335838317871,11.08430004119873,6.148335933685303
BRAF,6q0t,A,in,in,ACTIVE,11.308357238769531,10.943510055541992,6.093878746032715
BRAF,6q0j,A,in,in,ACTIVE,11.309121131896973,10.944896697998047,6.0925397872924805
BRAF,6q0t,A,in,in,ACTIVE,11.308357238769531,10.943510055541992,6.093878746032715
BRAF,7mfe,A,in,out,INACTIVE,15.684489250183105,10.988204002380371,11.43134593963623
BRAF,5jsm,A,in,out,INACTIVE,14.519341468811035,12.806485176086426,11.092167854309082
BRAF,5jt2,D,in,out,INACTIVE,14.522489547729492,12.727789878845215,11.02707576751709
BRAF,6q0j,A,in,in,ACTIVE,11.309121131896973,10.944896697998047,6.0925397872924805
BRAF,3q4c,B,in,in,ACTIVE,10.938631057739258,11.738553047180176,6.316336154937744
BRAF,4h58,C,out,in,INACTIVE,10.459278106689453,9.81898307800293,11.594852447509766
BRAF,4mne,F,in,in,ACTIVE,11.18594741821289,10.748175621032715,6.225245475769043
BRAF,6uan,C,in,out,INACTIVE,11.841704368591309,11.921453475952148,7.192431926727295
ABL1,2hz0,B,out,in,INACTIVE,10.520877838134766,8.01839542388916,11.334877014160156
ABL1,2gqg,B,in,in,ACTIVE,10.680078506469727,11.99439811706543,5.582141399383545
ABL1,3pyy,B,out,in,INACTIVE,10.725339889526367,9.58812141418457,10.736844062805176
ABL1,3cs9,B,out,in,INACTIVE,10.847567558288574,9.895776748657227,10.580487251281738
ABL1,2f4j,A,in,in,ACTIVE,10.67065715789795,12.310798645019531,6.074110507965088
ABL1,4twp,A,in,in,ACTIVE,10.580318450927734,11.81037712097168,6.21659517288208
ABL1,3qri,B,out,in,INACTIVE,10.490924835205078,9.522931098937988,10.124665260314941
ABL1,2hz0,B,out,in,INACTIVE,10.520877838134766,8.01839542388916,11.334877014160156
ABL1,2e2b,A,out,in,INACTIVE,11.048810005187988,9.508033752441406,10.58369255065918
ABL1,2gqg,B,in,in,ACTIVE,10.680078506469727,11.99439811706543,5.582141399383545
ABL1,3qrk,A,out,in,INACTIVE,10.511283874511719,9.733597755432129,10.126152992248535
ABL1,3qrj,A,out,in,INACTIVE,10.435338020324707,9.472566604614258,10.44176197052002
ABL1,2hyy,B,out,in,INACTIVE,11.006549835205078,9.460936546325684,10.67008113861084
ABL1,3pyy,B,out,in,INACTIVE,10.725339889526367,9.58812141418457,10.736844062805176
ABL1,2v7a,A,in,in,ACTIVE,10.514262199401855,12.140145301818848,5.446904182434082
ABL1,3qrj,A,out,in,INACTIVE,10.435338020324707,9.472566604614258,10.44176197052002
ABL1,3qri,B,out,in,INACTIVE,10.490924835205078,9.522931098937988,10.124665260314941
ABL1,2hiw,B,out,in,INACTIVE,10.611518859863281,9.628586769104004,10.092082023620605
ABL1,2g2i,A,in,in,ACTIVE,10.703564643859863,11.894766807556152,6.012450695037842
ABL1,3cs9,B,out,in,INACTIVE,10.847567558288574,9.895776748657227,10.580487251281738
ABL1,5hu9,A,out,in,INACTIVE,10.676717758178711,8.503915786743164,11.063420295715332
ABL1,5hu9,A,out,in,INACTIVE,10.676717758178711,8.503915786743164,11.063420295715332
ABL1,5mo4,A,out,in,INACTIVE,10.738306999206543,9.91648006439209,10.674164772033691
ABL1,5mo4,A,out,in,INACTIVE,10.738306999206543,9.91648006439209,10.674164772033691
ABL1,6npu,B,out,in,INACTIVE,10.718932151794434,9.68163013458252,10.784034729003906
ABL1,6npe,B,out,in,INACTIVE,10.83634090423584,9.669313430786133,10.788243293762207
ABL1,6npe,B,out,in,INACTIVE,10.83634090423584,9.669313430786133,10.788243293762207
ABL1,6npv,A,out,in,INACTIVE,10.776124000549316,9.854410171508789,10.772598266601562
ABL1,6npv,A,out,in,INACTIVE,10.776124000549316,9.854410171508789,10.772598266601562
ABL1,8ssn,A,in,out,INACTIVE,15.748554229736328,12.889302253723145,10.9270658493042
ABL1,6xrg,A,out,in,INACTIVE,11.00641918182373,7.3082275390625,11.706013679504395
ABL1,6xr6,A,in,in,ACTIVE,11.840319633483887,11.234586715698242,5.260013580322266
ABL1,6xr6,A,in,in,ACTIVE,11.840319633483887,11.234586715698242,5.260013580322266
ABL1,6xrg,A,out,in,INACTIVE,11.00641918182373,7.3082275390625,11.706013679504395
ABL1,6xr6,A,in,in,ACTIVE,11.840319633483887,11.234586715698242,5.260013580322266
ABL1,6xr6,A,in,in,ACTIVE,11.840319633483887,11.234586715698242,5.260013580322266
ABL1,6xr6,A,in,in,ACTIVE,11.840319633483887,11.234586715698242,5.260013580322266
ABL1,6xr6,A,in,in,ACTIVE,11.840319633483887,11.234586715698242,5.260013580322266
ABL1,6xrg,A,out,in,INACTIVE,11.00641918182373,7.3082275390625,11.706013679504395
ABL1,6xrg,A,out,in,INACTIVE,11.00641918182373,7.3082275390625,11.706013679504395
ABL1,6xrg,A,out,in,INACTIVE,11.00641918182373,7.3082275390625,11.706013679504395
ABL1,6xrg,A,out,out,INACTIVE,11.00641918182373,7.3082275390625,11.706013679504395
ABL1,6xr7,A,out,in,INACTIVE,11.41934585571289,11.639777183532715,5.054443359375
ABL1,6xr6,A,in,in,ACTIVE,11.840319633483887,11.234586715698242,5.260013580322266
ABL1,6xrg,A,out,in,INACTIVE,11.00641918182373,7.3082275390625,11.706013679504395
ABL1,6xrg,A,out,in,INACTIVE,11.00641918182373,7.3082275390625,11.706013679504395
ABL1,6xrg,A,out,in,INACTIVE,11.00641918182373,7.3082275390625,11.706013679504395
ABL1,6xr6,A,in,in,ACTIVE,11.840319633483887,11.234586715698242,5.260013580322266
ABL1,6xrg,A,out,in,INACTIVE,11.00641918182373,7.3082275390625,11.706013679504395
ABL1,6xrg,A,out,in,INACTIVE,11.00641918182373,7.3082275390625,11.706013679504395
ABL1,6xrg,A,out,in,INACTIVE,11.00641918182373,7.3082275390625,11.706013679504395
ABL1,6xrg,A,out,in,INACTIVE,11.00641918182373,7.3082275390625,11.706013679504395
ABL1,6xr6,A,in,in,ACTIVE,11.840319633483887,11.234586715698242,5.260013580322266
ABL1,6xr6,A,in,in,ACTIVE,11.840319633483887,11.234586715698242,5.260013580322266
ABL1,6xr7,A,in,in,ACTIVE,11.41934585571289,11.639777183532715,5.054443359375
ABL1,6xrg,A,out,in,INACTIVE,11.00641918182373,7.3082275390625,11.706013679504395
ABL1,2g1t,D,in,out,INACTIVE,16.362520217895508,13.411168098449707,11.769454956054688
ABL1,6xrg,A,out,in,INACTIVE,11.00641918182373,7.3082275390625,11.706013679504395
ABL1,6xr6,A,in,in,ACTIVE,11.840319633483887,11.234586715698242,5.260013580322266
ABL1,6xr6,A,in,in,ACTIVE,11.840319633483887,11.234586715698242,5.260013580322266
ABL1,6xr6,A,in,in,ACTIVE,11.840319633483887,11.234586715698242,5.260013580322266
ABL1,6xr6,A,in,in,ACTIVE,11.840319633483887,11.234586715698242,5.260013580322266
ABL1,6xrg,A,out,in,INACTIVE,11.00641918182373,7.3082275390625,11.706013679504395
ABL1,6xrg,A,out,in,INACTIVE,11.00641918182373,7.3082275390625,11.706013679504395
ABL1,6xr6,A,in,in,ACTIVE,11.840319633483887,11.234586715698242,5.260013580322266
ABL1,6xr6,A,in,in,ACTIVE,11.840319633483887,11.234586715698242,5.260013580322266
ABL1,6xr6,A,in,in,ACTIVE,11.840319633483887,11.234586715698242,5.260013580322266
ABL1,6xr6,A,in,in,ACTIVE,11.840319633483887,11.234586715698242,5.260013580322266
ABL1,6xr6,A,in,in,ACTIVE,11.840319633483887,11.234586715698242,5.260013580322266
ABL1,6xrg,A,out,in,INACTIVE,11.00641918182373,7.3082275390625,11.706013679504395
ABL1,6xrg,A,out,in,INACTIVE,11.00641918182373,7.3082275390625,11.706013679504395
ABL1,2hz4,A,in,in,ACTIVE,10.677096366882324,11.721538543701172,5.9134016036987305
ABL1,6xrg,A,out,in,INACTIVE,11.00641918182373,7.3082275390625,11.706013679504395
ABL1,6xr6,A,in,in,ACTIVE,11.840319633483887,11.234586715698242,5.260013580322266
KIT,4u0i,A,out,in,INACTIVE,10.350529670715332,8.502375602722168,10.50705337524414
KIT,3g0e,A,out,in,INACTIVE,10.718957901000977,9.884598731994629,12.004658699035645
KIT,3g0e,A,out,in,INACTIVE,10.718957901000977,9.884598731994629,12.004658699035645
KIT,1t46,A,out,in,INACTIVE,10.393111228942871,8.839195251464844,10.350303649902344
KIT,3g0f,A,out,in,INACTIVE,10.01400375366211,9.610062599182129,10.229716300964355
KIT,1pkg,B,in,in,ACTIVE,9.760099411010742,11.436515808105469,4.788745403289795
KIT,1t46,A,out,in,INACTIVE,10.393111228942871,8.839195251464844,10.350303649902344
KIT,4hvs,A,out,in,INACTIVE,10.28933048248291,8.614840507507324,11.237890243530273
KIT,4u0i,A,out,in,INACTIVE,10.350529670715332,8.502375602722168,10.50705337524414
KIT,6gqj,A,out,in,INACTIVE,10.267080307006836,8.541728973388672,10.67311954498291
KIT,6gqk,B,out,in,INACTIVE,10.343066215515137,8.846284866333008,10.915017127990723
KIT,6gqm,B,out,in,INACTIVE,10.21876335144043,8.722624778747559,10.747377395629883
KIT,6gql,A,out,in,INACTIVE,10.346013069152832,8.87817096710205,10.897122383117676
KIT,6gqk,B,out,in,INACTIVE,10.343066215515137,8.846284866333008,10.915017127990723
KIT,6gqj,A,out,in,INACTIVE,10.267080307006836,8.541728973388672,10.67311954498291
KIT,6mob,A,out,in,INACTIVE,9.507841110229492,9.80404281616211,10.029828071594238
KIT,6mob,A,out,in,INACTIVE,9.507841110229492,9.80404281616211,10.029828071594238
KIT,6hh1,A,out,in,INACTIVE,9.738138198852539,8.837663650512695,9.74924373626709
KIT,6hh1,A,out,in,INACTIVE,9.738138198852539,8.837663650512695,9.74924373626709
KIT,6kla,A,out,in,INACTIVE,10.055610656738281,8.869836807250977,10.895161628723145
KIT,6itt,B,out,in,INACTIVE,9.99930191040039,8.559525489807129,10.770200729370117
KIT,6itt,B,out,in,INACTIVE,9.99930191040039,8.559525489807129,10.770200729370117
KIT,6itv,A,out,in,INACTIVE,9.880183219909668,8.758522987365723,10.83923053741455
KIT,6itv,A,out,in,INACTIVE,9.880183219909668,8.758522987365723,10.83923053741455
KIT,6kla,A,out,in,INACTIVE,10.055610656738281,8.869836807250977,10.895161628723145
KIT,6xvb,B,out,in,INACTIVE,10.213386535644531,8.575274467468262,10.834134101867676
KIT,6xva,B,out,in,INACTIVE,10.354928970336914,8.306696891784668,10.931617736816406
KIT,6xv9,B,out,in,INACTIVE,10.267965316772461,8.346352577209473,10.739509582519531
KIT,7khg,A,out,in,INACTIVE,10.275383949279785,8.561349868774414,11.254901885986328
KIT,7khk,A,in,in,ACTIVE,10.47697639465332,11.743610382080078,4.907163143157959
KIT,7khg,A,out,in,INACTIVE,10.275383949279785,8.561349868774414,11.254901885986328
KIT,7khj,A,in,in,ACTIVE,10.322515487670898,11.588672637939453,4.799541473388672
KIT,7zw8,A,out,in,INACTIVE,10.229394912719727,8.777642250061035,11.577474594116211
KIT,7zw8,A,out,in,INACTIVE,10.229394912719727,8.777642250061035,11.577474594116211
KIT,7zy6,A,out,in,INACTIVE,10.154073715209961,8.63121223449707,10.745046615600586
KIT,8pqg,A,in,in,ACTIVE,10.632593154907227,11.103195190429688,5.876297950744629
KIT,8pqd,A,in,in,ACTIVE,10.582395553588867,10.936975479125977,6.292590618133545
KIT,8pqg,A,in,in,ACTIVE,10.632593154907227,11.103195190429688,5.876297950744629
KIT,8pqa,A,in,in,ACTIVE,10.609420776367188,11.029953002929688,6.230949878692627
KIT,8pqf,A,in,in,ACTIVE,10.808880805969238,11.243422508239746,6.055172443389893
KIT,8pq9,A,in,in,ACTIVE,10.695891380310059,11.021381378173828,6.246265411376953
KIT,8pqb,A,in,in,ACTIVE,10.53183650970459,11.073847770690918,5.818709850311279
KIT,8pqb,A,in,in,ACTIVE,10.53183650970459,11.073847770690918,5.818709850311279
KIT,8pqc,A,in,in,ACTIVE,10.43115234375,10.91872501373291,6.204779148101807
KIT,8pqc,A,in,in,ACTIVE,10.43115234375,10.91872501373291,6.204779148101807
KIT,8pqa,A,in,in,ACTIVE,10.609420776367188,11.029953002929688,6.230949878692627
KIT,8pq9,A,in,in,ACTIVE,10.695891380310059,11.021381378173828,6.246265411376953
KIT,8pqd,A,in,in,ACTIVE,10.582395553588867,10.936975479125977,6.292590618133545
KIT,8pqf,A,in,in,ACTIVE,10.808880805969238,11.243422508239746,6.055172443389893
KIT,1t45,A,out,in,INACTIVE,10.113035202026367,9.296738624572754,12.103010177612305
KIT,8dfq,A,out-like,out,INACTIVE,13.525029182434082,79.88666534423828,86.18985748291016
KIT,8dfm,A,out-like,out,INACTIVE,14.121957778930664,79.57977294921875,85.90840911865234
KIT,1t45,A,out,in,INACTIVE,10.113035202026367,9.296738624572754,12.103010177612305
KIT,8dfp,A,out,out,INACTIVE,13.716255187988281,44.2252311706543,46.12309265136719
PDGFRA,5grn,A,out,in,INACTIVE,10.554929733276367,9.048972129821777,10.8912935256958
PDGFRA,5grn,A,out,in,INACTIVE,10.554929733276367,9.048972129821777,10.8912935256958
PDGFRA,6jol,A,out,in,INACTIVE,10.483213424682617,8.857754707336426,10.702390670776367
PDGFRA,6jok,A,out,in,INACTIVE,10.526290893554688,9.74112319946289,11.518592834472656
PDGFRA,6joi,A,in,out,INACTIVE,10.45832347869873,13.470117568969727,8.724349021911621
PDGFRA,8pqi,A,in,in,ACTIVE,10.581061363220215,11.147441864013672,6.015688419342041
PDGFRA,8pqh,A,in,in,ACTIVE,10.486870765686035,10.939188957214355,6.070898532867432
PDGFRA,8pqi,A,in,in,ACTIVE,10.581061363220215,11.147441864013672,6.015688419342041
PDGFRA,6a32,A,out,in,INACTIVE,11.046928405761719,9.65311050415039,12.10174560546875
PDGFRA,8pqj,A,out,in,INACTIVE,10.502941131591797,9.434452056884766,11.817035675048828
PDGFRA,5k5x,A,out,in,INACTIVE,10.471597671508789,9.469511032104492,11.81484317779541
PDGFRA,8pqj,A,out,in,INACTIVE,10.502941131591797,9.434452056884766,11.817035675048828
PDGFRA,8pqk,A,out,in,INACTIVE,10.465531349182129,9.38991928100586,11.738015174865723
PDGFRA,8pqk,A,out,in,INACTIVE,10.465531349182129,9.38991928100586,11.738015174865723
FGFR1,4f64,A,in,in,ACTIVE,10.445222854614258,14.32887077331543,8.471328735351562
FGFR1,4v01,B,out,in,INACTIVE,10.468936920166016,9.694622039794922,10.714156150817871
FGFR1,5a46,B,in,in,ACTIVE,10.266684532165527,14.010002136230469,8.544609069824219
FGFR1,4f65,A,in,in,ACTIVE,10.519876480102539,14.75139045715332,8.169812202453613
FGFR1,4rwk,B,in,in,ACTIVE,10.924100875854492,14.313212394714355,8.61849594116211
FGFR1,1agw,B,in,in,ACTIVE,10.359395027160645,13.931989669799805,8.644781112670898
FGFR1,5am7,B,in,in,ACTIVE,10.452445030212402,13.979270935058594,8.519586563110352
FGFR1,2fgi,A,in,in,ACTIVE,10.347484588623047,14.496537208557129,8.483537673950195
FGFR1,4wun,A,in,in,ACTIVE,10.517390251159668,14.383621215820312,8.45494270324707
FGFR1,4v04,A,out,in,INACTIVE,10.431685447692871,14.2565336227417,8.554570198059082
FGFR1,4nks,B,in,in,ACTIVE,10.362714767456055,14.178651809692383,8.405617713928223
FGFR1,4zsa,B,in,in,ACTIVE,10.201286315917969,13.454187393188477,8.5223388671875
FGFR1,4nk9,B,in,in,ACTIVE,10.577248573303223,14.504761695861816,8.524273872375488
FGFR1,3c4f,A,in,in,ACTIVE,10.542482376098633,14.455547332763672,8.569823265075684
FGFR1,3gql,C,in,in,ACTIVE,10.437576293945312,14.308389663696289,9.18344497680664
FGFR1,4rwj,A,in,in,ACTIVE,10.660308837890625,14.469657897949219,8.432891845703125
FGFR1,5am6,B,in,in,ACTIVE,10.275816917419434,13.841156959533691,8.503201484680176
FGFR1,3rhx,B,in,in,ACTIVE,10.406752586364746,13.88184642791748,8.480801582336426
FGFR1,3js2,A,in,in,ACTIVE,10.42221736907959,14.392143249511719,8.558380126953125
FGFR1,4v05,A,in,in,ACTIVE,10.615638732910156,14.396946907043457,8.374299049377441
FGFR1,3wj6,B,in,in,ACTIVE,10.239745140075684,14.083657264709473,9.093368530273438
FGFR1,4nka,B,in,in,ACTIVE,10.289298057556152,13.757739067077637,8.379487991333008
FGFR1,5a4c,B,in,in,ACTIVE,10.290863990783691,14.330619812011719,8.805656433105469
FGFR1,3gqi,A,in,in,ACTIVE,10.34309196472168,11.511144638061523,5.299809455871582
FGFR1,3tt0,B,in,in,ACTIVE,10.496766090393066,14.603754043579102,8.780903816223145
FGFR1,4f64,A,in,in,ACTIVE,10.445222854614258,14.32887077331543,8.471328735351562
FGFR1,4f65,A,in,in,ACTIVE,10.519876480102539,14.75139045715332,8.169812202453613
FGFR1,3c4f,A,in,in,ACTIVE,10.542482376098633,14.455547332763672,8.569823265075684
FGFR1,1agw,B,in,in,ACTIVE,10.359395027160645,13.931989669799805,8.644781112670898
FGFR1,4f63,B,in,in,ACTIVE,10.348827362060547,13.81311321258545,8.635729789733887
FGFR1,4zsa,B,in,in,ACTIVE,10.201286315917969,13.454187393188477,8.5223388671875
FGFR1,1fgi,B,in,in,ACTIVE,10.541566848754883,14.21915054321289,8.644648551940918
FGFR1,4nks,B,in,in,ACTIVE,10.362714767456055,14.178651809692383,8.405617713928223
FGFR1,5a46,B,in,in,ACTIVE,10.266684532165527,14.010002136230469,8.544609069824219
FGFR1,3tt0,B,in,in,ACTIVE,10.496766090393066,14.603754043579102,8.780903816223145
FGFR1,4rwj,A,in,in,ACTIVE,10.660308837890625,14.469657897949219,8.432891845703125
FGFR1,5a4c,B,in,in,ACTIVE,10.290863990783691,14.330619812011719,8.805656433105469
FGFR1,1fgi,B,in,in,ACTIVE,10.541566848754883,14.21915054321289,8.644648551940918
FGFR1,5am6,B,in,in,ACTIVE,10.275816917419434,13.841156959533691,8.503201484680176
FGFR1,5am7,B,in,in,ACTIVE,10.452445030212402,13.979270935058594,8.519586563110352
FGFR1,4rwk,B,in,in,ACTIVE,10.924100875854492,14.313212394714355,8.61849594116211
FGFR1,4v05,A,in,in,ACTIVE,10.615638732910156,14.396946907043457,8.374299049377441
FGFR1,4v01,B,out,in,INACTIVE,10.468936920166016,9.694622039794922,10.714156150817871
FGFR1,4wun,A,in,in,ACTIVE,10.517390251159668,14.383621215820312,8.45494270324707
FGFR1,4uwc,B,in,in,ACTIVE,10.255894660949707,14.02608585357666,8.48599910736084
FGFR1,4uwb,A,in,in,ACTIVE,10.426704406738281,14.275506019592285,8.282427787780762
FGFR1,4uwc,B,in,in,ACTIVE,10.255894660949707,14.02608585357666,8.48599910736084
FGFR1,4uwb,A,in,in,ACTIVE,10.426704406738281,14.275506019592285,8.282427787780762
FGFR1,5ew8,B,in,in,ACTIVE,10.444975852966309,13.864670753479004,8.423415184020996
FGFR1,5ew8,B,in,in,ACTIVE,10.444975852966309,13.864670753479004,8.423415184020996
FGFR1,5b7v,A,in,in,ACTIVE,10.285733222961426,14.16382122039795,8.75383186340332
FGFR1,5uq0,B,in,in,ACTIVE,10.701770782470703,14.221288681030273,8.574283599853516
FGFR1,5uq0,B,in,in,ACTIVE,10.701770782470703,14.221288681030273,8.574283599853516
FGFR1,5vnd,A,in,in,ACTIVE,10.313430786132812,14.387910842895508,8.664642333984375
FGFR1,5vnd,A,in,in,ACTIVE,10.313430786132812,14.387910842895508,8.664642333984375
FGFR1,5ur1,A,in,in,ACTIVE,10.7496337890625,14.750101089477539,8.841996192932129
FGFR1,5ur1,A,in,in,ACTIVE,10.7496337890625,14.750101089477539,8.841996192932129
FGFR1,5o4a,B,in,in,ACTIVE,10.368107795715332,14.24644660949707,8.720868110656738
FGFR1,5o49,B,in,in,ACTIVE,10.211538314819336,13.923384666442871,8.660984992980957
FGFR1,5o4a,B,in,in,ACTIVE,10.368107795715332,14.24644660949707,8.720868110656738
FGFR1,5o49,B,in,in,ACTIVE,10.211538314819336,13.923384666442871,8.660984992980957
FGFR1,5zv2,A,in,in,ACTIVE,10.529212951660156,15.248371124267578,9.383463859558105
FGFR1,6mzw,B,in,in,ACTIVE,10.395759582519531,14.325567245483398,8.968451499938965
FGFR1,5z0s,A,in,in,ACTIVE,10.595863342285156,14.410280227661133,8.562858581542969
FGFR1,6c19,A,in,in,ACTIVE,10.637513160705566,14.580073356628418,8.598182678222656
FGFR1,5z0s,A,in,in,ACTIVE,10.595863342285156,14.410280227661133,8.562858581542969
FGFR1,6c1b,A,in,in,ACTIVE,10.621209144592285,14.533393859863281,8.709456443786621
FGFR1,6c1c,A,in,in,ACTIVE,10.685713768005371,14.737020492553711,8.797636032104492
FGFR1,6c18,B,in,in,ACTIVE,10.527512550354004,14.381094932556152,8.90184211730957
FGFR1,6c19,A,in,in,ACTIVE,10.637513160705566,14.580073356628418,8.598182678222656
FGFR1,6c1o,A,in,in,ACTIVE,10.410452842712402,14.443467140197754,8.585211753845215
FGFR1,6c1c,A,in,in,ACTIVE,10.685713768005371,14.737020492553711,8.797636032104492
FGFR1,6mzq,B,in,in,ACTIVE,10.364983558654785,14.004473686218262,8.657320976257324
FGFR1,6mzw,B,in,in,ACTIVE,10.395759582519531,14.325567245483398,8.968451499938965
FGFR1,6c1o,A,in,in,ACTIVE,10.410452842712402,14.443467140197754,8.585211753845215
FGFR1,6c1b,A,in,in,ACTIVE,10.621209144592285,14.533393859863281,8.709456443786621
FGFR1,6c18,B,in,in,ACTIVE,10.527512550354004,14.381094932556152,8.90184211730957
FGFR1,6mzq,B,in,in,ACTIVE,10.364983558654785,14.004473686218262,8.657320976257324
FGFR1,6p69,B,in,in,ACTIVE,10.19655990600586,13.904570579528809,8.738052368164062
FGFR1,6p69,B,in,in,ACTIVE,10.19655990600586,13.904570579528809,8.738052368164062
FGFR1,6p68,A,in,in,ACTIVE,10.759842872619629,14.4662446975708,8.6475191116333
FGFR1,6nvl,C,in,in,ACTIVE,10.188512802124023,13.960030555725098,8.63229751586914
FGFR1,6nvl,C,in,in,ACTIVE,10.188512802124023,13.960030555725098,8.63229751586914
FGFR1,6itj,B,in,in,ACTIVE,10.479662895202637,14.513230323791504,8.720227241516113
FGFR1,6itj,B,in,in,ACTIVE,10.479662895202637,14.513230323791504,8.720227241516113
FGFR1,7ozd,A,in,in,ACTIVE,10.283251762390137,14.334118843078613,8.407245635986328
FGFR1,7ozb,A,in,in,ACTIVE,10.321024894714355,14.171321868896484,8.242403984069824
FGFR1,7ozd,A,in,in,ACTIVE,10.283251762390137,14.334118843078613,8.407245635986328
FGFR1,7ozb,A,in,in,ACTIVE,10.321024894714355,14.171321868896484,8.242403984069824
FGFR1,7ozf,A,in,in,ACTIVE,10.393318176269531,14.34780502319336,8.344710350036621
FGFR1,7ozf,A,in,in,ACTIVE,10.393318176269531,14.34780502319336,8.344710350036621
FGFR1,7wcl,A,in,in,ACTIVE,10.780417442321777,14.579658508300781,8.545900344848633
FGFR1,7wcl,A,in,in,ACTIVE,10.780417442321777,14.579658508300781,8.545900344848633
FGFR1,8jmz,A,in,in,ACTIVE,10.54042911529541,14.386343002319336,8.359395027160645
FGFR1,8jmz,A,in,in,ACTIVE,10.54042911529541,14.386343002319336,8.359395027160645
FGFR1,4rwl,A,in,in,ACTIVE,10.393560409545898,14.249107360839844,8.473443031311035
FGFR1,4rwi,B,in,in,ACTIVE,10.459756851196289,14.171525001525879,8.597987174987793
FGFR1,5flf,B,in,in,ACTIVE,9.920650482177734,11.350034713745117,4.83119535446167
FGFR1,3ky2,B,in,in,ACTIVE,10.372977256774902,14.094133377075195,8.467653274536133
FGFR1,1fgk,A,in,in,ACTIVE,10.447765350341797,14.203737258911133,8.348018646240234
FGFR1,3kxx,C,in,in,ACTIVE,9.960512161254883,11.937263488769531,5.1688737869262695
FGFR1,4uwy,B,in,in,ACTIVE,10.090667724609375,13.669824600219727,8.275495529174805
FGFR1,4uwy,B,in,in,ACTIVE,10.090667724609375,13.669824600219727,8.275495529174805
FGFR1,1fgk,A,in,in,ACTIVE,10.447765350341797,14.203737258911133,8.348018646240234
FGFR1,4rwi,B,in,in,ACTIVE,10.459756851196289,14.171525001525879,8.597987174987793
FGFR1,5flf,B,in,in,ACTIVE,9.920650482177734,11.350034713745117,4.83119535446167
FGFR1,4v04,A,in,in,ACTIVE,10.431685447692871,14.2565336227417,8.554570198059082
